{"name":"MultinomialNB","priorProbability":[[-0.14393054706931252],[-2.0095266635058846]],"conditionalProbability":[[-4.005917459961275,-6.764199786549818,-7.082653517668352,-4.283088207730369,-6.191680593778488,-6.52303772973293,-6.048579750137814,-9.855242239908133,-7.290292882446597,-7.147192038805923,-6.764199786549818,-6.764199786549818,-5.829890549172984,-7.90933209085282,-7.082653517668352,-7.147192038805923,-5.923416607183808,-5.067750497126087,-3.9635980280823624,-6.52303772973293,-5.485794387441112,-5.026928502605832,-5.043057884535716,-5.20128188975061,-5.6963591565484615,-4.249440173612136,-6.559405373903805,-5.270274761237562,-6.859509966354143,-6.719748023978984,-5.145712038595799,-5.7121075135166,-6.859509966354143,-3.9444455958676063,-6.859509966354143,-7.370335590120133,-6.859509966354143,-5.829890549172984,-8.063482770680078,-7.457346967109763,-8.063482770680078,-9.855242239908133,-9.855242239908133,-4.5081347091906645,-9.162095059348188,-9.855242239908133,-6.271723301452024,-7.552657146914088,-6.52303772973293,-8.063482770680078,-8.756629951240024,-8.063482770680078,-8.468947878788242,-5.635734534732027,-6.048579750137814,-4.913599817298829,-5.984041229000242,-4.7614920391013715,-5.866258193343859,-6.29989417841872,-6.141670173203826,-7.658017662571914,-7.775800698228298,-7.552657146914088,-6.910803260741693,-5.621135735310874,-6.81071980218471,-5.473215605234252,-5.51143681805445,-6.52303772973293,-6.487946409921659,-4.164882785584073,-6.328881715291972,-4.602968811861504,-7.457346967109763,-5.270274761237562,-8.468947878788242,-5.191803145796066,-5.650549620517167,-6.52303772973293,-6.358734678441653,-5.551177146703964,-6.048579750137814,-5.551177146703964,-4.634886414829809,-5.093068305110378,-5.280531261404751,-5.665587497881708,-4.517704160206815,-5.7443683757348225,-6.487946409921659,-6.026600843419039,-4.4799638322239685,-4.892397609648226,-5.7121075135166,-6.328881715291972,-6.117572621624765,-4.824804318515698,-6.764199786549818,-6.719748023978984,-5.344382733391283,-4.434707240635848,-6.166362785794197,-5.51143681805445,-6.005094638198075,-6.271723301452024,-4.6457560870667125,-5.6067469978587745,-6.048579750137814,-6.487946409921659,-6.719748023978984,-6.421255035422988,-4.798996434559825,-5.963421941797507,-5.564782798759742,-6.141670173203826,-5.110310111544884,-6.52303772973293,-5.498533413218542,-5.498533413218542,-5.043057884535716,-5.5785761208920785,-4.995429835546461,-5.7121075135166,-9.855242239908133,-9.162095059348188,-5.728107854863042,-6.217656080181747,-6.094042124214571,-5.829890549172984,-5.829890549172984,-5.984041229000242,-7.290292882446597,-6.719748023978984,-6.764199786549818,-6.244324327263909,-5.182413405446227,-5.812190972073584,-5.460793085235695,-6.81071980218471,-8.245804327474033,-7.147192038805923,-9.162095059348188,-9.855242239908133,-5.7443683757348225,-5.4485229926438805,-6.29989417841872,-4.341813493743151,-4.3258131523967105,-5.551177146703964,-6.29989417841872,-6.636366415039933,-6.166362785794197,-6.677188409560188,-5.650549620517167,-6.094042124214571,-6.141670173203826,-6.636366415039933,-6.454044858245978,-6.910803260741693,-6.217656080181747,-5.812190972073584,-7.082653517668352,-7.552657146914088,-4.9207683067774415,-6.141670173203826,-5.635734534732027,-6.52303772973293,-4.556924873360097,-6.421255035422988,-6.910803260741693,-6.094042124214571,-6.764199786549818,-5.923416607183808,-5.076118746796604,-4.597746867880352,-7.022028895851918,-9.162095059348188,-6.597145701886651,-5.777704796002414,-5.42442544106482,-6.026600843419039,-5.0594516943113925,-5.728107854863042,-5.621135735310874,-6.559405373903805,-5.829890549172984,-7.552657146914088,-6.636366415039933,-6.244324327263909,-6.141670173203826,-6.271723301452024,-6.389506337108407,-6.166362785794197,-6.29989417841872,-6.166362785794197,-6.244324327263909,-5.551177146703964,-6.910803260741693,-6.244324327263909,-4.949967461469704,-4.9425873541720815,-6.271723301452024,-6.094042124214571,-6.764199786549818,-4.811817122988887,-5.377905425429927,-6.048579750137814,-6.52303772973293,-6.005094638198075,-6.859509966354143,-5.829890549172984,-6.597145701886651,-6.094042124214571,-8.468947878788242,-6.859509966354143,-9.855242239908133,-6.636366415039933,-5.963421941797507,-5.621135735310874,-6.719748023978984,-7.552657146914088,-6.677188409560188,-5.2108513407667605,-6.764199786549818,-7.90933209085282,-6.328881715291972,-6.487946409921659,-6.81071980218471,-6.389506337108407,-6.597145701886651,-7.552657146914088,-6.191680593778488,-6.328881715291972,-6.597145701886651,-6.166362785794197,-6.52303772973293,-6.487946409921659,-5.777704796002414,-5.984041229000242,-5.191803145796066,-5.7443683757348225,-6.358734678441653,-6.29989417841872,-6.358734678441653,-6.244324327263909,-5.412590983417817,-7.775800698228298,-5.903998521326706,-8.468947878788242,-7.147192038805923,-9.855242239908133,-7.552657146914088,-7.552657146914088,-6.81071980218471,-6.454044858245978,-6.559405373903805,-6.764199786549818,-6.910803260741693,-8.756629951240024,-8.063482770680078,-5.794799229361714,-6.358734678441653,-7.658017662571914,-6.859509966354143,-7.90933209085282,-5.923416607183808,-9.855242239908133,-7.147192038805923,-6.719748023978984,-7.290292882446597,-7.082653517668352,-7.552657146914088,-7.552657146914088,-6.358734678441653,-6.9648704820119685,-6.094042124214571,-6.29989417841872,-6.244324327263909,-6.005094638198075,-6.719748023978984,-5.7121075135166,-5.963421941797507,-5.6963591565484615,-6.29989417841872,-5.847909054675663,-5.460793085235695,-9.855242239908133,-7.90933209085282,-5.7443683757348225,-6.421255035422988,-7.775800698228298,-6.52303772973293,-7.216184910292875,-5.984041229000242,-7.457346967109763,-6.358734678441653,-6.719748023978984,-6.764199786549818,-6.358734678441653,-6.271723301452024,-6.81071980218471,-6.559405373903805,-6.719748023978984,-6.81071980218471,-5.794799229361714,-6.271723301452024,-6.421255035422988,-6.52303772973293,-6.421255035422988,-6.677188409560188,-6.454044858245978,-7.216184910292875,-6.559405373903805,-7.457346967109763,-6.328881715291972,-6.117572621624765,-6.559405373903805,-6.636366415039933,-5.9432192344799875,-6.52303772973293,-6.454044858245978,-6.677188409560188,-6.271723301452024,-5.829890549172984,-5.984041229000242,-6.52303772973293,-6.421255035422988,-6.597145701886651,-5.191803145796066,-6.597145701886651,-6.454044858245978,-9.162095059348188,-7.90933209085282,-8.756629951240024,-6.421255035422988,-6.271723301452024,-9.162095059348188,-8.063482770680078,-6.094042124214571,-6.52303772973293,-5.621135735310874,-6.81071980218471,-6.910803260741693,-6.52303772973293,-6.454044858245978,-6.81071980218471,-6.358734678441653,-9.855242239908133,-6.677188409560188,-6.719748023978984,-6.358734678441653,-6.764199786549818,-6.559405373903805,-6.559405373903805,-7.552657146914088,-6.559405373903805,-6.597145701886651,-6.859509966354143,-6.52303772973293,-8.756629951240024,-5.923416607183808,-6.677188409560188,-6.217656080181747,-8.756629951240024,-6.421255035422988,-6.559405373903805,-6.719748023978984,-6.389506337108407,-6.454044858245978,-9.855242239908133,-6.910803260741693,-9.855242239908133,-9.855242239908133,-6.559405373903805,-6.191680593778488,-6.52303772973293,-6.81071980218471,-7.290292882446597,-6.764199786549818,-6.487946409921659,-6.141670173203826,-6.764199786549818,-6.636366415039933,-6.117572621624765,-9.855242239908133,-6.859509966354143,-6.636366415039933,-6.677188409560188,-6.487946409921659,-6.81071980218471,-7.457346967109763,-6.487946409921659,-6.719748023978984,-7.290292882446597,-6.719748023978984,-6.52303772973293,-6.719748023978984,-6.636366415039933,-6.81071980218471,-6.910803260741693,-6.764199786549818,-6.597145701886651,-7.082653517668352,-5.923416607183808,-7.022028895851918,-6.81071980218471,-6.677188409560188,-6.677188409560188],[-5.584803071463571,-7.11085937495862,-5.8870839433365045,-7.33400292627283,-8.72029728739272,-8.72029728739272,-3.426992462668228,