{"name":"MultinomialNB","priorProbability":[[-0.06249616375917457],[-0.8728043745253553]],"conditionalProbability":[[-1.7397706352640505,-2.937677429232718,-3.0759801273989993,-1.8601443615651665,-2.689035503028425,-2.832942078712705,-2.6268875962795804,-4.280100110054924,-3.1661567577480874,-3.104008850999243,-2.937677429232718,-2.937677429232718,-2.5319120830487236,-3.4350020700406674,-3.0759801273989993,-3.104008850999243,-2.572529933956988,-2.2009188640072996,-1.7213915395217585,-2.832942078712705,-2.382473018764483,-2.183190097046868,-2.1901949986155262,-2.258910810984986,-2.4739201360710372,-1.8455312060207256,-2.848736345895937,-2.288874034362429,-2.979070114390943,-2.9183722740373312,-2.2347771312682667,-2.4807595606013426,-2.979070114390943,-1.7130737438958639,-2.979070114390943,-3.200918864007299,-2.979070114390943,-2.5319120830487236,-3.5019488596712804,-3.2387074248966994,-3.5019488596712804,-4.280100110054924,-4.280100110054924,-1.957880815321005,-3.979070114390943,-4.280100110054924,-2.723797609287637,-3.2801001100549243,-2.832942078712705,-3.5019488596712804,-3.8029788553352617,-3.5019488596712804,-3.678040118726962,-2.447591197348688,-2.6268875962795804,-2.133972074376686,-2.598858872679337,-2.0679125056509666,-2.5477063502319557,-2.7360320657046486,-2.667316253335189,-3.3258576006155995,-3.3770101230629805,-3.2801001100549243,-3.0013465091020954,-2.441251019317669,-2.9578808153210048,-2.3770101230629805,-2.3936093848824425,-2.832942078712705,-2.817702112155968,-1.8088083989959858,-2.748621193012669,-1.9990667428071967,-3.2387074248966994,-2.288874034362429,-3.678040118726962,-2.254794244790154,-2.454025307354098,-2.832942078712705,-2.761586170177037,-2.410868390323948,-2.6268875962795804,-2.410868390323948,-2.0129283816519106,-2.2119142483087626,-2.2933283757886795,-2.4605561745130555,-1.9620367750921628,-2.494770275044157,-2.817702112155968,-2.61734227837335,-1.9456463589039934,-2.1247640725898624,-2.4807595606013426,-2.748621193012669,-2.656850819657024,-2.0954086792373254,-2.937677429232718,-2.9183722740373312,-2.3210587177338304,-1.9259916709075233,-2.678040118726962,-2.3936093848824425,-2.6080022521192068,-2.723797609287637,-2.0176490203244946,-2.4350020700406674,-2.6268875962795804,-2.817702112155968,-2.9183722740373312,-2.7887384162206517,-2.0842004576456903,-2.5899040300264105,-2.4167772499344684,-2.667316253335189,-2.2194022697013125,-2.832942078712705,-2.388005507364444,-2.388005507364444,-2.1901949986155262,-2.422767613623656,-2.1695103997556755,-2.4807595606013426,-4.280100110054924,-3.979070114390943,-2.4877084205566704,-2.700316513438114,-2.6466316544753377,-2.5319120830487236,-2.5319120830487236,-2.598858872679337,-3.1661567577480874,-2.9183722740373312,-2.937677429232718,-2.7118983859879293,-2.2507163323697146,-2.524225254382433,-2.3716150911762743,-2.9578808153210048,-3.5811301057189056,-3.104008850999243,-3.979070114390943,-4.280100110054924,-2.494770275044157,-2.3662862576712076,-2.7360320657046486,-1.885648429228708,-1.87869956927338,-2.410868390323948,-2.7360320657046486,-2.882160101382887,-2.678040118726962,-2.8998888683433184,-2.454025307354098,-2.6466316544753377,-2.667316253335189,-2.882160101382887,-2.8029788553352617,-3.0013465091020954,-2.700316513438114,-2.524225254382433,-3.0759801273989993,-3.2801001100549243,-2.1370853098008293,-2.667316253335189,-2.447591197348688,-2.832942078712705,-1.979070114390943,-2.7887384162206517,-3.0013465091020954,-2.6466316544753377,-2.937677429232718,-2.572529933956988,-2.2045531486623937,-1.9967988813513746,-3.04965118867665,-3.979070114390943,-2.865126762084106,-2.50924809841278,-2.3558208239930427,-2.61734227837335,-2.197314739738474,-2.4877084205566704,-2.441251019317669,-2.848736345895937,-2.5319120830487236,-3.2801001100549243,-2.882160101382887,-2.7118983859879293,-2.667316253335189,-2.723797609287637,-2.7749501317350185,-2.678040118726962,-2.7360320657046486,-2.678040118726962,-2.7118983859879293,-2.410868390323948,-3.0013465091020954,-2.7118983859879293,-2.149766341559918,-2.146561201684707,-2.723797609287637,-2.6466316544753377,-2.937677429232718,-2.089768411884633,-2.3356174379047556,-2.6268875962795804,-2.832942078712705,-2.6080022521192068,-2.979070114390943,-2.5319120830487236,-2.865126762084106,-2.6466316544753377,-3.678040118726962,-2.979070114390943,-4.280100110054924,-2.882160101382887,-2.5899040300264105,-2.441251019317669,-2.9183722740373312,-3.2801001100549243,-2.8998888683433184,-2.263066770756144,-2.937677429232718,-3.4350020700406674,-2.748621193012669,-2.817702112155968,-2.9578808153210048,-2.7749501317350185,-2.865126762084106,-3.2801001100549243,-2.689035503028425,-2.748621193012669,-2.865126762084106,-2.678040118726962,-2.832942078712705,-2.817702112155968,-2.50924809841278,-2.598858872679337,-2.254794244790154,-2.494770275044157,-2.761586170177037,-2.7360320657046486,-2.761586170177037,-2.700316513438114,-2.3506811843406314,-3.3770101230629805,-2.5640967664201253,-3.678040118726962,-3.104008850999243,-4.280100110054924,-3.2801001100549243,-3.2801001100549243,-2.9578808153210048,-2.8029788553352617,-2.848736345895937,-2.937677429232718,-3.0013465091020954,-3.8029788553352617,-3.5019488596712804,-2.516672116491987,-2.761586170177037,-3.3258576006155995,-2.979070114390943,-3.4350020700406674,-2.572529933956988,-4.280100110054924,-3.104008850999243,-2.9183722740373312,-3.1661567577480874,-3.0759801273989993,-3.2801001100549243,-3.2801001100549243,-2.761586170177037,-3.0248276049516183,-2.6466316544753377,-2.7360320657046486,-2.7118983859879293,-2.6080022521192068,-2.9183722740373312,-2.4807595606013426,-2.5899040300264105,-2.4739201360710372,-2.7360320657046486,-2.53973742056068,-2.3716150911762743,-4.280100110054924,-3.4350020700406674,-2.494770275044157,-2.7887384162206517,-3.3770101230629805,-2.832942078712705,-3.133972074376686,-2.598858872679337,-3.2387074248966994,-2.761586170177037,-2.9183722740373312,-2.937677429232718,-2.761586170177037,-2.723797609287637,-2.9578808153210048,-2.848736345895937,-2.9183722740373312,-2.9578808153210048,-2.516672116491987,-2.723797609287637,-2.7887384162206517,-2.832942078712705,-2.7887384162206517,-2.8998888683433184,-2.8029788553352617,-3.133972074376686,-2.848736345895937,-3.2387074248966994,-2.748621193012669,-2.656850819657024,-2.848736345895937,-2.882160101382887,-2.5811301057189056,-2.832942078712705,-2.8029788553352617,-2.8998888683433184,-2.723797609287637,-2.5319120830487236,-2.598858872679337,-2.832942078712705,-2.7887384162206517,-2.865126762084106,-2.254794244790154,-2.865126762084106,-2.8029788553352617,-3.979070114390943,-3.4350020700406674,-3.8029788553352617,-2.7887384162206517,-2.723797609287637,-3.979070114390943,-3.5019488596712804,-2.6466316544753377,-2.832942078712705,-2.441251019317669,-2.9578808153210048,-3.0013465091020954,-2.832942078712705,-2.8029788553352617,-2.9578808153210048,-2.761586170177037,-4.280100110054924,-2.8998888683433184,-2.9183722740373312,-2.761586170177037,-2.937677429232718,-2.848736345895937,-2.848736345895937,-3.2801001100549243,-2.848736345895937,-2.865126762084106,-2.979070114390943,-2.832942078712705,-3.8029788553352617,-2.572529933956988,-2.8998888683433184,-2.700316513438114,-3.8029788553352617,-2.7887384162206517,-2.848736345895937,-2.9183722740373312,-2.7749501317350185,-2.8029788553352617,-4.280100110054924,-3.0013465091020954,-4.280100110054924,-4.280100110054924,-2.848736345895937,-2.689035503028425,-2.832942078712705,-2.9578808153210048,-3.1661567577480874,-2.937677429232718,-2.817702112155968,-2.667316253335189,-2.937677429232718,-2.882160101382887,-2.656850819657024,-4.280100110054924,-2.979070114390943,-2.882160101382887,-2.8998888683433184,-2.817702112155968,-2.9578808153210048,-3.2387074248966994,-2.817702112155968,-2.9183722740373312,-3.1661567577480874,-2.9183722740373312,-2.832942078712705,-2.9183722740373312,-2.882160101382887,-2.9578808153210048,-3.0013465091020954,-2.937677429232718,-2.865126762084106,-3.0759801273989993,