{"modelName":"GaussianNB","means":[[-2,-1.3333333333333333],[2.6666666666666665,2]],"jointProbabilities":[[-0.3010299956639812,[0.5984134206021491,-0.8888888888888888],[1.7952402618064476,-0.09876543209876543]],[-0.3010299956639812,[0.1380954047543421,-16.691358024691358],[0.5984134206021491,-0.8888888888888888]]],"classes":["1","2"]}