{"name":"MultinomialNB","priorProbability":[[-0.12493873660829993],[-0.6020599913279624]],"conditionalProbability":[[-0.36797678529459443,-0.8450980400142569,-0.8450980400142569,-0.8450980400142569,-1.1461280356782382,-1.1461280356782382],[-0.6532125137753437,-0.9542425094393249,-0.9542425094393249,-0.9542425094393249,-0.6532125137753437,-0.6532125137753437]],"classes":["pos","neg"]}