{"name":"MultinomialNB","priorProbability":[[-0.5389965007326869],[-0.8754687373538999]],"conditionalProbability":[[-1.5841201044498106,-0.8303483020734304,-1.024504316514388],[-0.8690378470236095,-1.6422277352570913,-0.9490805546971459]]}