{"name":"MultinomialNB","priorProbability":[[-0.06250824236951869],[-0.8727263411980584]],"conditionalProbability":[[-1.7699246457366684,-3.851898830592116,-1.8391168690616697,-2.572122810820471,-2.9832433963136253,-2.7321713171695725,-2.4369721145302217,-2.9841924866761995,-1.6752214083932335,-2.3598923102131106,-2.076699571759096,-1.7561797377301018,-2.2090147054191878,-2.0801273026071945,-2.0786015060008296,-2.117240956228571,-2.346892911887934,-1.8599371595555287,-2.6105770806021136,-2.1555188749772745,-2.1475568727843246,-2.2898778668620428,-1.7486273388555076,-2.9472005449343057,-2.3513119809528806,-2.9999436340611125,-3.851898830592116,-3.851898830592116,-2.0530838157367777,-2.4812482620571763,-3.1170014098165777,-2.305025568332854,-2.5818140325072925,-2.3957087870103217,-2.020984447147031,-2.3790136134461823,-1.9991615201648072,-2.338231357335764,-2.4403838058246996,-3.15011683124729,-3.117613058221241,-2.824227494732553,-2.2716920741688984,-2.2173354565475827,-2.2379544831181812,-2.5817209794865024,-1.8312255713805305,-1.9426802703623471,-2.161976057550797,-2.1135287607465414,-2.2658071100487733,-2.5536218072879997,-2.2457553197783935,-2.3997181444872107,-2.249687509055893,-1.946394629938611,-2.0968477402618184,-2.185597999044319,-2.3463584479747466,-2.0150824974056953,-2.320902431996957,-2.403097535911857,-1.909427591315635,-2.034659890694609,-2.28974188208648,-2.4215608391081114,-2.0065695854795806,-2.1744809987536935,-1.9120542042544744,-2.2152720674904507,-2.388117195995424,-1.9622052108284087,-2.2431906401823705,-2.39173610514068,-2.0155173250693976,-2.377608784680467,-2.2504968415981463,-2.4234785896772126,-2.0910139535751835,-2.233334052080185,-2.2086819470793513,-2.101084415329138,-2.2338493985864334,-2.0674441437102002,-2.281112130074325,-3.6473850153743133,-2.3374898383642857,-2.5753696075924584,-2.4072202442633386,-2.3350026118421687,-2.3986221384254915,-2.3790136134461823,-2.472267461394128,-2.1512973963421245,-2.318100863218106,-2.217807902203051,-2.875004988544608,-3.6515810945414007,-2.3095503701690543,-2.20018883500614,-1.912379813538283,-1.9081989506901698,-2.2754170606107156,-2.445133971656623,-2.260417974720278,-2.4253106157225504,-2.429933962307963,-2.5784682550414253,-2.504687584693191,-2.3362679610191135,-2.829067105778978,-2.028799406099089,-2.429933962307963,-2.261111581074762,-1.9209420320773185,-2.413170354034298,-2.3598923102131106,-2.099334343406758,-1.9560145914403566,-3.652701321501258,-2.3109973032979787,-2.198730676079624,-2.403497248516425,-2.1204915022646333,-2.2981922812775277,-2.2746758730835857,-2.320946543761156,-2.4319886395784476,-2.4613024708389504,-2.5825440634424033,-2.2320739143329718,-2.0410180764233035,-2.044799396451819,-2.442650383428431,-1.9998762078781884,-2.18240774077138,-2.3976584419612577,-2.376958022741883,-2.408709626283211,-2.456462546449254,-3.412253111287334,-3.851898830592116,-2.3628264286069167,-2.271725225661237,-2.7001911238226968,-3.020674852486087,-2.121524168082768,-2.4406203345289024,-2.3388776759532797,-2.3772186702076463,-2.1433061750110523,-2.3100191230734834,-2.191214013918233,-3.1441267093269514,-2.3635778991581335,-3.3869347554079394,-2.7255018563847364,-2.631754805045516,-2.357637226647004,-2.371347694292229,-2.9443128459529855,-2.8494256828987896,-2.413170354034298,-2.3864838618467847,-2.294036144566967,-2.373865757739944,-2.281579341816868,-2.332008292935922,-2.2197877718909043,-3.851898830592116,-3.851898830592116,-2.3054372999222768,-2.3772962961781774,-2.5514108206618507,-2.305963065732938,-2.5262369867513885,-2.4152480021985556,-2.366585904112053,-2.3319400592199098,-2.3735394593119374,-2.1243696038803628,-2.4150831177528334,-2.310566662047325,-3.024279483265295,-2.361141629463782,-3.851898830592116,-2.4480190151140575,-2.4195042394210953,-2.3597154354900964],[-2.457777869991184,-3.4030914345976306,-3.0617129484343173,-1.5367760200832865,-1.8103190284679798,-2.13320532405691,-1.7295152653025376,-1.5977137779804627,-1.0026018198896165,-3.4030914345976306,-3.4030914345976306,-2.4991632101158316,-3.2109518103163484,-2.7230080399823184,-2.5383795459309075,-2.850190844795557,-1.9601590390033603,-2.0975605352997624,-2.3764280803785764,-2.4762103990748168,-1.9559667217446068,-2.754106211665686,-2.631796416170559,-2.0903708263174687,-2.4215364027375164,-1.977102842549187,-1.8227698721007242,-1.707109559518028,-1.438727946906092,-2.7170566375328984,-1.656960458601459,-2.1058298565750917,-1.5168645537481176,-3.4030914345976306,-3.2323429625809115,-2.948429004998894,-2.2488095079881387,-2.802737275592402,-2.8550805407095003,-1.8773536072026507,-1.8452287485724819,-1.793447204857147,-2.5189841566107285,-2.979062938620264,-2.421508681105703,-2.405405142156988,-2.2868820391526707,-2.441374979618006,-2.385701557730259,-3.221810848722243,-3.4030914345976306,-2.3449487316412396,-2.395762317472179,-3.4030914345976306,-3.0754223955049613,-2.840749476154162,-2.705844019817697,-2.8441743024861164,-1.8480320013821572,-1.7318408071887055,-2.302130335311604,-2.732653282313955,-2.636083507433542,-3.2331562003905736,-3.4030914345976306,-3.1884960798458852,-3.4030914345976306,-2.6848955381430875,-2.0043812921174484,-3.2100174149454412,-2.863379325853,-2.359785983497077,-3.4030914345976306,-3.4030914345976306,-2.6860397649180987,-3.4030914345976306,-2.5233469456242292,-3.4030914345976306,-3.099357770231201,-2.378508043535925,-3.2104873562822633,-3.4030914345976306,-3.4030914345976306,-2.4435623591462177,-3.4030914345976306,-1.8770031437622519,-2.0519631431993473,-1.7493843907465485,-3.4030914345976306,-2.6067982712590876,-1.9239795960864154,-2.948429004998894,-2.8489947038057486,-2.743394526800463,-3.4030914345976306,-2.7212185710069434,-2.068561659092688,-1.8832538432602839,-2.5755420377446177,-2.899629984823831,-3.4030914345976306,-3.4030914345976306,-2.0648324329587093,-3.0981955767640015,-3.4030914345976306,-2.7880060927362957,-3.1876621319484992,-2.304361278634817,-2.115891944063759,-2.5047600547408155,-2.1287581140154983,-3.015312410176181,-3.1876621319484992,-2.7595642124091957,-2.731854443164726,-2.9421746264244946,-3.4030914345976306,-2.172364632884108,-2.2846984238600023,-1.845920436462059,-2.960484315567015,-2.775182787150141,-2.8954021345276133,-2.4602309829806734,-2.6554249414753097,-2.887961914389853,-3.4030914345976306,-3.045514114052754,-2.4640128989593713,-1.7755398935771662,-3.4030914345976306,-2.736638508418703,-2.641861413506861,-2.4290256742107714,-3.0228746038054783,-2.985077165410277,-3.1908926214935884,-3.4030914345976306,-3.4030914345976306,-2.456172981804165,-1.8393298002429952,-1.9004815587940151,-3.4030914345976306,-2.8194435441128656,-2.061264997737927,-2.075033049429564,-3.221098986973256,-3.0443146034387163,-2.960484315567015,-3.053266708131697,-2.4482874046486023,-3.065374683064981,-2.982877257311931,-1.8739309779240974,-2.469000927971369,-1.993865597616912,-2.1612046724884992,-1.8727879975430834,-2.144709991059195,-2.600204091878653,-1.927082400236155,-2.0292846368667727,-2.9421746264244946,-3.192409946501851,-2.6153604787783853,-3.4030914345976306,-3.06784729343087,-2.956334865290679,-3.2118647830488363,-1.7991608854599466,-3.4030914345976306,-2.810932824007303,-3.4030914345976306,-2.149369859207196,-3.4030914345976306,-2.4179019474162704,-3.4030914345976306,-2.867215336032373,-2.8743654280357696,-3.4030914345976306,-2.7932804288011113,-2.8579483455387815,-1.9877496290589354,-2.048531426060211,-2.687592551787399,-1.8385703736881023,-3.1876621319484992,-3.4030914345976306,-2.8684531058499045]],"classes":["ham","spam"]}