{
	"name": "MultinomialNB",
	"priorProbability": [ [ -0.06252585932734794 ], [ -0.8726125566440441 ] ],
	"conditionalProbability": [
		[
			-1.7399756684641308,
			-2.937882462432798,
			-3.0761851605990795,
			-1.8603493947652465,
			-2.689240536228505,
			-2.833147111912785,
			-2.6270926294796606,
			-4.2803051432550046,
			-3.1663617909481676,
			-3.104213884199323,
			-2.937882462432798,
			-2.937882462432798,
			-2.532117116248804,
			-3.4352071032407476,
			-3.0761851605990795,
			-3.104213884199323,
			-2.572734967157068,
			-2.2011238972073794,
			-1.7215965727218387,
			-2.833147111912785,
			-2.382678051964563,
			-2.183395130246948,
			-2.1904000318156065,
			-2.2591158441850663,
			-2.474125169271117,
			-1.8457362392208057,
			-2.848941379096017,
			-2.2890790675625095,
			-2.9792751475910233,
			-2.833147111912785,
			-2.234982164468347,
			-2.480964593801423,
			-2.9792751475910233,
			-1.713278777095944,
			-2.9792751475910233,
			-3.2011238972073794,
			-2.9792751475910233,
			-2.532117116248804,
			-3.5021538928713607,
			-3.238912458096779,
			-3.5021538928713607,
			-4.2803051432550046,
			-4.2803051432550046,
			-1.958085848521085,
			-3.9792751475910233,
			-4.2803051432550046,
			-2.7240026424877173,
			-3.2803051432550046,
			-2.833147111912785,
			-3.5021538928713607,
			-3.803183888535342,
			-3.5021538928713607,
			-3.678245151927042,
			-2.447796230548768,
			-2.6270926294796606,
			-2.1341771075767664,
			-2.599063905879417,
			-2.0681175388510464,
			-2.547911383432036,
			-2.736237098904729,
			-2.667521286535269,
			-3.3260626338156793,
			-3.377215156263061,
			-3.2803051432550046,
			-3.0015515423021757,
			-2.441456052517749,
			-2.958085848521085,
			-2.377215156263061,
			-2.3938144180825227,
			-2.833147111912785,
			-2.8179071453560485,
			-1.8090134321960658,
			-2.748826226212749,
			-1.999271776007277,
			-3.238912458096779,
			-2.2890790675625095,
			-3.678245151927042,
			-2.254999277990234,
			-2.454230340554178,
			-2.833147111912785,
			-2.761791203377117,
			-2.4110734235240283,
			-2.6270926294796606,
			-2.4110734235240283,
			-2.0131334148519904,
			-2.212119281508843,
			-2.2935334089887593,
			-2.460761207713136,
			-1.9622418082922428,
			-2.4949753082442374,
			-2.8179071453560485,
			-2.6175473115734302,
			-1.9458513921040734,
			-2.1249691057899427,
			-2.480964593801423,
			-2.748826226212749,
			-2.6570558528571038,
			-2.0956137124374057,
			-2.937882462432798,
			-2.9185773072374115,
			-2.3212637509339107,
			-1.9261967041076036,
			-2.678245151927042,
			-2.3938144180825227,
			-2.608207285319287,
			-2.7240026424877173,
			-2.017854053524575,
			-2.4352071032407476,
			-2.6270926294796606,
			-2.8179071453560485,
			-2.9185773072374115,
			-2.788943449420732,
			-2.0844054908457705,
			-2.5901090632264907,
			-2.4169822831345487,
			-2.667521286535269,
			-2.2196073029013927,
			-2.833147111912785,
			-2.388210540564524,
			-2.388210540564524,
			-2.1904000318156065,
			-2.422972646823736,
			-2.1697154329557553,
			-2.480964593801423,
			-4.2803051432550046,
			-3.9792751475910233,
			-2.4879134537567507,
			-2.7005215466381944,
			-2.646836687675418,
			-2.532117116248804,
			-2.532117116248804,
			-2.599063905879417,
			-3.1663617909481676,
			-2.9185773072374115,
			-2.937882462432798,
			-2.7121034191880096,
			-2.250921365569795,
			-2.524430287582513,
			-2.3718201243763546,
			-2.958085848521085,
			-3.5813351389189854,
			-3.104213884199323,
			-3.9792751475910233,
			-4.2803051432550046,
			-2.4949753082442374,
			-2.366491290871288,
			-2.736237098904729,
			-1.8858534624287882,
			-1.8789046024734604,
			-2.4110734235240283,
			-2.736237098904729,
			-2.8823651345829666,
			-2.678245151927042,
			-2.900093901543398,
			-2.454230340554178,
			-2.646836687675418,
			-2.667521286535269,
			-2.8823651345829666,
			-2.803183888535342,
			-3.0015515423021757,
			-2.7005215466381944,
			-2.524430287582513,
			-3.0761851605990795,
			-3.2803051432550046,
			-2.137290343000909,
			-2.667521286535269,
			-2.447796230548768,
			-2.833147111912785,
			-1.9792751475910233,
			-2.788943449420732,
			-3.0015515423021757,
			-2.646836687675418,
			-2.937882462432798,
			-2.572734967157068,
			-2.2047581818624735,
			-1.9970039145514547,
			-3.0498562218767304,
			-3.9792751475910233,
			-2.8653317952841864,
			-2.5094531316128603,
			-2.3560258571931225,
			-2.6175473115734302,
			-2.1975197729385543,
			-2.4879134537567507,
			-2.441456052517749,
			-2.848941379096017,
			-2.532117116248804,
			-3.104213884199323,
			-2.8823651345829666,
			-2.7121034191880096,
			-2.667521286535269,
			-2.7240026424877173,
			-2.7751551649350983,
			-2.678245151927042,
			-2.736237098904729,
			-2.678245151927042,
			-2.7121034191880096,
			-2.4110734235240283,
			-3.0015515423021757,
			-2.7121034191880096,
			-2.1499713747599984,
			-2.1467662348847867,
			-2.7240026424877173,
			-2.646836687675418,
			-2.937882462432798,
			-2.0899734450847127,
			-2.335822471104836,
			-2.6270926294796606,
			-2.833147111912785,
			-2.608207285319287,
			-2.9792751475910233,
			-2.532117116248804,
			-2.8653317952841864,
			-2.646836687675418,
			-3.678245151927042,
			-2.9792751475910233,
			-4.2803051432550046,
			-2.8823651345829666,
			-2.5901090632264907,
			-2.441456052517749,
			-2.9185773072374115,
			-3.2803051432550046,
			-2.900093901543398,
			-2.263271803956224,
			-2.937882462432798,
			-3.4352071032407476,
			-2.748826226212749,
			-2.8179071453560485,
			-2.958085848521085,
			-2.7751551649350983,
			-2.8653317952841864,
			-3.2803051432550046,
			-2.689240536228505,
			-2.748826226212749,
			-2.8653317952841864,
			-2.678245151927042,
			-2.833147111912785,
			-2.8179071453560485,
			-2.5094531316128603,
			-2.599063905879417,
			-2.254999277990234,
			-2.4949753082442374,
			-2.761791203377117,
			-2.736237098904729,
			-2.761791203377117,
			-2.7121034191880096,
			-2.3508862175407117,
			-3.377215156263061,
			-2.564301799620205,
			-3.678245151927042,
			-3.104213884199323,
			-4.2803051432550046,
			-3.2803051432550046,
			-3.2803051432550046,
			-2.958085848521085,
			-2.803183888535342,
			-2.848941379096017,
			-2.937882462432798,
			-3.0015515423021757,
			-3.803183888535342,
			-3.5021538928713607,
			-2.516877149692067,
			-2.761791203377117,
			-3.3260626338156793,
			-2.9792751475910233,
			-3.4352071032407476,
			-2.572734967157068,
			-4.2803051432550046,
			-3.104213884199323,
			-2.9185773072374115,
			-3.1663617909481676,
			-3.0761851605990795,
			-3.2803051432550046,
			-3.2803051432550046,
			-2.761791203377117,
			-3.025032638151698,
			-2.646836687675418,
			-2.736237098904729,
			-2.7121034191880096,
			-2.608207285319287,
			-2.9185773072374115,
			-2.480964593801423,
			-2.5901090632264907,
			-2.474125169271117,
			-2.736237098904729,
			-2.5399424537607604,
			-2.3718201243763546,
			-4.2803051432550046,
			-3.4352071032407476,
			-2.4949753082442374,
			-2.788943449420732,
			-3.377215156263061,
			-2.833147111912785,
			-3.1341771075767664,
			-2.599063905879417,
			-3.238912458096779,
			-2.761791203377117,
			-2.9185773072374115,
			-2.937882462432798,
			-2.761791203377117,
			-2.7240026424877173,
			-2.958085848521085,
			-2.848941379096017,
			-2.9185773072374115,
			-2.958085848521085,
			-2.516877149692067,
			-2.7240026424877173,
			-2.788943449420732,
			-2.833147111912785,
			-2.788943449420732,
			-2.900093901543398,
			-2.803183888535342,
			-3.1341771075767664,
			-2.848941379096017,
			-3.238912458096779,
			-2.748826226212749,
			-2.6570558528571038,
			-2.848941379096017,
			-2.8823651345829666,
			-2.581335138918986,
			-2.833147111912785,
			-2.803183888535342,
			-2.900093901543398,
			-2.7240026424877173,
			-2.532117116248804,
			-2.599063905879417,
			-2.833147111912785,
			-2.788943449420732,
			-2.8653317952841864,
			-2.254999277990234,
			-2.8653317952841864,
			-2.803183888535342,
			-3.9792751475910233,
			-3.4352071032407476,
