{"name":"MultinomialNB","priorProbability":[[-0.06244789604163402],[-0.87311636770106]],"conditionalProbability":[[-1.739998443956802,-2.9379052379254693,-3.076207936091751,-1.860372170257918,-2.6892633117211764,-2.8331698874054565,-2.627115404972332,-4.280327918747676,-3.166384566440839,-3.1042366596919946,-2.9379052379254693,-2.9379052379254693,-2.5321398917414752,-3.435229878733419,-3.076207936091751,-3.1042366596919946,-2.572757742649739,-2.201146672700051,-1.72161934821451,-2.8331698874054565,-2.382700827457234,-2.1834179057396192,-2.190422807308278,-2.2591386196777377,-2.4741479447637884,-1.845759014713477,-2.8489641545886886,-2.289101843055181,-2.9792979230836947,-2.8331698874054565,-2.2350049399610183,-2.480987369294094,-2.9792979230836947,-1.7133015525886153,-2.9792979230836947,-3.201146672700051,-2.9792979230836947,-2.5321398917414752,-3.502176668364032,-3.2389352335894506,-3.502176668364032,-4.280327918747676,-4.280327918747676,-1.9581086240137564,-3.9792979230836947,-4.280327918747676,-2.724025417980388,-3.2803279187476755,-2.8331698874054565,-3.502176668364032,-3.8032066640280133,-3.502176668364032,-3.6782679274197134,-2.4478190060414393,-2.627115404972332,-2.1341998830694378,-2.5990866813720883,-2.068140314343718,-2.5479341589247073,-2.7362598743974003,-2.66754406202794,-3.3260854093083507,-3.377237931755732,-3.2803279187476755,-3.0015743177948466,-2.4414788280104203,-2.9581086240137564,-2.377237931755732,-2.3938371935751936,-2.8331698874054565,-2.8179299208487194,-1.8090362076887372,-2.7488490017054206,-1.999294551499948,-3.2389352335894506,-2.289101843055181,-3.6782679274197134,-2.2550220534829055,-2.454253116046849,-2.8331698874054565,-2.761813978869788,-2.4110961990166997,-2.627115404972332,-2.4110961990166997,-2.0131561903446618,-2.2121420570015142,-2.2935561844814307,-2.460783983205807,-1.9622645837849142,-2.494998083736909,-2.8179299208487194,-2.6175700870661016,-1.9458741675967448,-2.124991881282614,-2.480987369294094,-2.7488490017054206,-2.657078628349775,-2.095636487930077,-2.9379052379254693,-2.918600082730083,-2.321286526426582,-1.9262194796002747,-2.6782679274197134,-2.3938371935751936,-2.608230060811958,-2.724025417980388,-2.017876829017246,-2.435229878733419,-2.627115404972332,-2.8179299208487194,-2.918600082730083,-2.788966224913403,-2.084428266338442,-2.590131838719162,-2.4170050586272196,-2.66754406202794,-2.219630078394064,-2.8331698874054565,-2.388233316057195,-2.388233316057195,-2.190422807308278,-2.4229954223164074,-2.1697382084484267,-2.480987369294094,-4.280327918747676,-3.9792979230836947,-2.4879362292494216,-2.700544322130866,-2.6468594631680893,-2.5321398917414752,-2.5321398917414752,-2.5990866813720883,-3.166384566440839,-2.918600082730083,-2.9379052379254693,-2.7121261946806805,-2.250944141062466,-2.5244530630751845,-2.371842899869026,-2.9581086240137564,-3.5813579144116567,-3.1042366596919946,-3.9792979230836947,-4.280327918747676,-2.494998083736909,-2.3665140663639592,-2.7362598743974003,-1.8858762379214595,-1.8789273779661315,-2.4110961990166997,-2.7362598743974003,-2.882387910075638,-2.6782679274197134,-2.9001166770360696,-2.454253116046849,-2.6468594631680893,-2.66754406202794,-2.882387910075638,-2.8032066640280133,-3.0015743177948466,-2.700544322130866,-2.5244530630751845,-3.076207936091751,-3.2803279187476755,-2.1373131184935805,-2.66754406202794,-2.4478190060414393,-2.8331698874054565,-1.9792979230836945,-2.788966224913403,-3.0015743177948466,-2.6468594631680893,-2.9379052379254693,-2.572757742649739,-2.204780957355145,-1.997026690044126,-3.049878997369402,-3.9792979230836947,-2.8653545707768577,-2.5094759071055313,-2.356048632685794,-2.6175700870661016,-2.1975425484312257,-2.4879362292494216,-2.4414788280104203,-2.8489641545886886,-2.5321398917414752,-3.1042366596919946,-2.882387910075638,-2.7121261946806805,-2.66754406202794,-2.724025417980388,-2.7751779404277697,-2.6782679274197134,-2.7362598743974003,-2.6782679274197134,-2.7121261946806805,-2.4110961990166997,-3.0015743177948466,-2.7121261946806805,-2.1499941502526694,-2.146789010377458,-2.724025417980388,-2.6468594631680893,-2.9379052379254693,-2.089996220577384,-2.3358452465975073,-2.627115404972332,-2.8331698874054565,-2.608230060811958,-2.9792979230836947,-2.5321398917414752,-2.8653545707768577,-2.6468594631680893,-3.6782679274197134,-2.9792979230836947,-4.280327918747676,-2.882387910075638,-2.590131838719162,-2.4414788280104203,-2.918600082730083,-3.2803279187476755,-2.9001166770360696,-2.2632945794488952,-2.9379052379254693,-3.435229878733419,-2.7488490017054206,-2.8179299208487194,-2.9581086240137564,-2.7751779404277697,-2.8653545707768577,-3.2803279187476755,-2.6892633117211764,-2.7488490017054206,-2.8653545707768577,-2.6782679274197134,-2.8331698874054565,-2.8179299208487194,-2.5094759071055313,-2.5990866813720883,-2.2550220534829055,-2.494998083736909,-2.761813978869788,-2.7362598743974003,-2.761813978869788,-2.7121261946806805,-2.350908993033383,-3.377237931755732,-2.5643245751128765,-3.6782679274197134,-3.1042366596919946,-4.280327918747676,-3.2803279187476755,-3.2803279187476755,-2.9581086240137564,-2.8032066640280133,-2.8489641545886886,-2.9379052379254693,-3.0015743177948466,-3.8032066640280133,-3.502176668364032,-2.516899925184738,-2.761813978869788,-3.3260854093083507,-2.9792979230836947,-3.435229878733419,-2.572757742649739,-4.280327918747676,-3.1042366596919946,-2.918600082730083,-3.166384566440839,-3.076207936091751,-3.2803279187476755,-3.2803279187476755,-2.761813978869788,-3.0250554136443695,-2.6468594631680893,-2.7362598743974003,-2.7121261946806805,-2.608230060811958,-2.918600082730083,-2.480987369294094,-2.590131838719162,-2.4741479447637884,-2.7362598743974003,-2.539965229253432,-2.371842899869026,-4.280327918747676,-3.435229878733419,-2.494998083736909,-2.788966224913403,-3.377237931755732,-2.8331698874054565,-3.1341998830694378,-2.5990866813720883,-3.2389352335894506,-2.761813978869788,-2.918600082730083,-2.9379052379254693,-2.761813978869788,-2.724025417980388,-2.9581086240137564,-2.8489641545886886,-2.918600082730083,-2.9581086240137564,-2.516899925184738,-2.724025417980388,-2.788966224913403,-2.8331698874054565,-2.788966224913403,-2.9001166770360696,-2.8032066640280133,-3.1341998830694378,-2.8489641545886886,-3.2389352335894506,-2.7488490017054206,-2.657078628349775,-2.8489641545886886,-2.882387910075638,-2.5813579144116567,-2.8331698874054565,-2.8032066640280133,-2.9001166770360696,-2.724025417980388,-2.5321398917414752,-2.5990866813720883,-2.8331698874054565,-2.788966224913403,-2.8653545707768577,-2.2550220534829055,-2.8653545707768577,-2.8032066640280133,-3.9792979230836947,-3.435229878733419,-3.8032066640280133,-2.788966224913403,-2.724025417980388,-3.9792979230836947,-3.502176668364032,-2.6468594631680893,-2.8331698874054565,-2.4414788280104203,-2.9581086240137564,-3.0015743177948466,-2.8331698874054565,-2.8032066640280133,-2.9581086240137564,-2.761813978869788,-4.280327918747676,-2.9001166770360696,-2.918600082730083,-2.761813978869788,-2.9379052379254693,-2.8489641545886886,-2.8489641545886886,-3.2803279187476755,-2.8489641545886886,-2.8653545707768577,-2.9792979230836947,-2.8331698874054565,-3.8032066640280133,-2.572757742649739,-2.9001166770360696,-2.700544322130866,-3.8032066640280133,-2.788966224913403,-2.8489641545886886,-2.918600082730083,-2.7751779404277697,-2.8032066640280133,-4.280327918747676,-3.0015743177948466,-4.280327918747676,-4.280327918747676,-2.8489641545886886,-2.6892633117211764,-2.8331698874054565,-2.9581086240137564,-3.166384566440839,-2.9379052379254693,-2.8179299208487194,-2.66754406202794,-2.9379052379254693,-2.882387910075638,-2.657078628349775,-4.280327918747676,-2.9792979230836947,-2.882387910075638,-2.9001166770360696,-2.8179299208487194,-2.9581086240137564,-3.2389352335894506,-2.8179299208487194,-2.918600082730083,-3.166384566440839,-2.918600082730083,-2.8331698874054565,-2.918600082730083,-2.882387910075638,-2.9581086240137564,-3.0015743177948466,-2.9379052379254693,